{
  "family": "voxlink-production-number-service",
  "networkMode": "awsvpc",
  "requiresCompatibilities": ["FARGATE"],
  "cpu": "512",
  "memory": "1024",
  "executionRoleArn": "arn:aws:iam::ACCOUNT_ID:role/voxlink-production-ecs-task-execution-role",
  "taskRoleArn": "arn:aws:iam::ACCOUNT_ID:role/voxlink-production-ecs-task-role",
  "containerDefinitions": [
    {
      "name": "number-service",
      "image": "ACCOUNT_ID.dkr.ecr.ap-south-1.amazonaws.com/voxlink/production/number-service:latest",
      "portMappings": [
        {
          "containerPort": 3001,
          "protocol": "tcp"
        }
      ],
      "essential": true,
      "environment": [
        {
          "name": "NODE_ENV",
          "value": "production"
        },
        {
          "name": "PORT",
          "value": "3001"
        },
        {
          "name": "AWS_REGION",
          "value": "ap-south-1"
        }
      ],
      "secrets": [
        {
          "name": "DATABASE_URL",
          "valueFrom": "arn:aws:secretsmanager:ap-south-1:ACCOUNT_ID:secret:voxlink-production-db-password:SecretString:database_url"
        },
        {
          "name": "REDIS_URL",
          "valueFrom": "arn:aws:secretsmanager:ap-south-1:ACCOUNT_ID:secret:voxlink-production-redis-auth-token:SecretString:redis_url"
        },
        {
          "name": "TWILIO_ACCOUNT_SID",
          "valueFrom": "arn:aws:secretsmanager:ap-south-1:ACCOUNT_ID:secret:voxlink-production-twilio-credentials:SecretString:account_sid"
        },
        {
          "name": "TWILIO_AUTH_TOKEN",
          "valueFrom": "arn:aws:secretsmanager:ap-south-1:ACCOUNT_ID:secret:voxlink-production-twilio-credentials:SecretString:auth_token"
        },
        {
          "name": "BANDWIDTH_USER_ID",
          "valueFrom": "arn:aws:secretsmanager:ap-south-1:ACCOUNT_ID:secret:voxlink-production-bandwidth-credentials:SecretString:user_id"
        },
        {
          "name": "BANDWIDTH_API_TOKEN",
          "valueFrom": "arn:aws:secretsmanager:ap-south-1:ACCOUNT_ID:secret:voxlink-production-bandwidth-credentials:SecretString:api_token"
        }
      ],
      "logConfiguration": {
        "logDriver": "awslogs",
        "options": {
          "awslogs-group": "/aws/ecs/voxlink-production/number-service",
          "awslogs-region": "ap-south-1",
          "awslogs-stream-prefix": "ecs"
        }
      },
      "healthCheck": {
        "command": [
          "CMD-SHELL",
          "curl -f http://localhost:3001/health || exit 1"
        ],
        "interval": 30,
        "timeout": 5,
        "retries": 3,
        "startPeriod": 60
      }
    }
  ]
}