{
  "family": "voxlink-production-dashboard",
  "networkMode": "awsvpc",
  "requiresCompatibilities": ["FARGATE"],
  "cpu": "256",
  "memory": "512",
  "executionRoleArn": "arn:aws:iam::ACCOUNT_ID:role/voxlink-production-ecs-task-execution-role",
  "taskRoleArn": "arn:aws:iam::ACCOUNT_ID:role/voxlink-production-ecs-task-role",
  "containerDefinitions": [
    {
      "name": "dashboard",
      "image": "ACCOUNT_ID.dkr.ecr.ap-south-1.amazonaws.com/voxlink/production/dashboard:latest",
      "portMappings": [
        {
          "containerPort": 80,
          "protocol": "tcp"
        }
      ],
      "essential": true,
      "environment": [
        {
          "name": "NODE_ENV",
          "value": "production"
        },
        {
          "name": "REACT_APP_API_URL",
          "value": "https://api.voxlink.com"
        },
        {
          "name": "REACT_APP_ENVIRONMENT",
          "value": "production"
        }
      ],
      "logConfiguration": {
        "logDriver": "awslogs",
        "options": {
          "awslogs-group": "/aws/ecs/voxlink-production/dashboard",
          "awslogs-region": "ap-south-1",
          "awslogs-stream-prefix": "ecs"
        }
      },
      "healthCheck": {
        "command": [
          "CMD-SHELL",
          "curl -f http://localhost:80 || exit 1"
        ],
        "interval": 30,
        "timeout": 5,
        "retries": 3,
        "startPeriod": 60
      }
    }
  ]
}