{
  "family": "voxlink-production-api-gateway",
  "networkMode": "awsvpc",
  "requiresCompatibilities": ["FARGATE"],
  "cpu": "1024",
  "memory": "2048",
  "executionRoleArn": "arn:aws:iam::ACCOUNT_ID:role/voxlink-production-ecs-task-execution-role",
  "taskRoleArn": "arn:aws:iam::ACCOUNT_ID:role/voxlink-production-ecs-task-role",
  "containerDefinitions": [
    {
      "name": "api-gateway",
      "image": "ACCOUNT_ID.dkr.ecr.ap-south-1.amazonaws.com/voxlink/production/api-gateway:latest",
      "portMappings": [
        {
          "containerPort": 3000,
          "protocol": "tcp"
        }
      ],
      "essential": true,
      "environment": [
        {
          "name": "NODE_ENV",
          "value": "production"
        },
        {
          "name": "PORT",
          "value": "3000"
        },
        {
          "name": "AWS_REGION",
          "value": "ap-south-1"
        },
        {
          "name": "METRICS_ENABLED",
          "value": "true"
        },
        {
          "name": "PROMETHEUS_PORT",
          "value": "9090"
        }
      ],
      "secrets": [
        {
          "name": "DATABASE_URL",
          "valueFrom": "arn:aws:secretsmanager:ap-south-1:ACCOUNT_ID:secret:voxlink-production-db-password:SecretString:database_url"
        },
        {
          "name": "REDIS_URL",
          "valueFrom": "arn:aws:secretsmanager:ap-south-1:ACCOUNT_ID:secret:voxlink-production-redis-auth-token:SecretString:redis_url"
        },
        {
          "name": "JWT_SECRET",
          "valueFrom": "arn:aws:secretsmanager:ap-south-1:ACCOUNT_ID:secret:voxlink-production-jwt-secret:SecretString:jwt_secret"
        },
        {
          "name": "TWILIO_ACCOUNT_SID",
          "valueFrom": "arn:aws:secretsmanager:ap-south-1:ACCOUNT_ID:secret:voxlink-production-twilio-credentials:SecretString:account_sid"
        },
        {
          "name": "TWILIO_AUTH_TOKEN",
          "valueFrom": "arn:aws:secretsmanager:ap-south-1:ACCOUNT_ID:secret:voxlink-production-twilio-credentials:SecretString:auth_token"
        }
      ],
      "logConfiguration": {
        "logDriver": "awslogs",
        "options": {
          "awslogs-group": "/aws/ecs/voxlink-production/api-gateway",
          "awslogs-region": "ap-south-1",
          "awslogs-stream-prefix": "ecs",
          "awslogs-datetime-format": "%Y-%m-%d %H:%M:%S"
        }
      },
      "healthCheck": {
        "command": [
          "CMD-SHELL",
          "curl -f http://localhost:3000/health || exit 1"
        ],
        "interval": 30,
        "timeout": 5,
        "retries": 3,
        "startPeriod": 60
      },
      "ulimits": [
        {
          "name": "nofile",
          "softLimit": 65536,
          "hardLimit": 65536
        }
      ],
      "stopTimeout": 30
    }
  ]
}