{
  "family": "voxlink-production-billing-service",
  "networkMode": "awsvpc",
  "requiresCompatibilities": ["FARGATE"],
  "cpu": "512",
  "memory": "1024",
  "executionRoleArn": "arn:aws:iam::ACCOUNT_ID:role/voxlink-production-ecs-task-execution-role",
  "taskRoleArn": "arn:aws:iam::ACCOUNT_ID:role/voxlink-production-ecs-task-role",
  "containerDefinitions": [
    {
      "name": "billing-service",
      "image": "ACCOUNT_ID.dkr.ecr.ap-south-1.amazonaws.com/voxlink/production/billing-service:latest",
      "portMappings": [
        {
          "containerPort": 3002,
          "protocol": "tcp"
        }
      ],
      "essential": true,
      "environment": [
        {
          "name": "NODE_ENV",
          "value": "production"
        },
        {
          "name": "PORT",
          "value": "3002"
        },
        {
          "name": "AWS_REGION",
          "value": "ap-south-1"
        }
      ],
      "secrets": [
        {
          "name": "DATABASE_URL",
          "valueFrom": "arn:aws:secretsmanager:ap-south-1:ACCOUNT_ID:secret:voxlink-production-db-password:SecretString:database_url"
        },
        {
          "name": "REDIS_URL",
          "valueFrom": "arn:aws:secretsmanager:ap-south-1:ACCOUNT_ID:secret:voxlink-production-redis-auth-token:SecretString:redis_url"
        },
        {
          "name": "STRIPE_SECRET_KEY",
          "valueFrom": "arn:aws:secretsmanager:ap-south-1:ACCOUNT_ID:secret:voxlink-production-stripe-credentials:SecretString:secret_key"
        },
        {
          "name": "STRIPE_WEBHOOK_SECRET",
          "valueFrom": "arn:aws:secretsmanager:ap-south-1:ACCOUNT_ID:secret:voxlink-production-stripe-credentials:SecretString:webhook_secret"
        }
      ],
      "logConfiguration": {
        "logDriver": "awslogs",
        "options": {
          "awslogs-group": "/aws/ecs/voxlink-production/billing-service",
          "awslogs-region": "ap-south-1",
          "awslogs-stream-prefix": "ecs"
        }
      },
      "healthCheck": {
        "command": [
          "CMD-SHELL",
          "curl -f http://localhost:3002/health || exit 1"
        ],
        "interval": 30,
        "timeout": 5,
        "retries": 3,
        "startPeriod": 60
      }
    }
  ]
}